{
  "__comment": "Instructions: https://mods.blakebr0.com/docs/cucumber/tags-config",
  "forge:ingots/aluminum": "immersiveengineering:ingot_aluminum",
  "forge:ingots/constantan": "thermal:constantan_ingot",
  "forge:ingots/tungsten": "null",
  "forge:ingots/mithril": "null",
  "forge:ingots/tin": "mekanism:ingot_tin",
  "forge:ingots/iridium": "null",
  "forge:ingots/zinc": "create:zinc_ingot",
  "forge:ingots/signalum": "thermal:signalum_ingot",
  "forge:ingots/bronze": "mekanism:ingot_bronze",
  "forge:ingots/copper": "mekanism:ingot_copper",
  "forge:ingots/invar": "thermal:invar_ingot",
  "forge:ingots/lumium": "thermal:lumium_ingot",
  "forge:ingots/chrome": "null",
  "forge:ingots/electrum": "thermal:electrum_ingot",
  "forge:silicon": "appliedenergistics2:silicon",
  "forge:ingots/brass": "create:brass_ingot",
  "forge:ingots/silver": "iceandfire:silver_ingot",
  "forge:dusts/saltpeter": "immersiveengineering:dust_saltpeter",
  "forge:ingots/steel": "mekanism:ingot_steel",
  "forge:ingots/enderium": "thermal:enderium_ingot",
  "forge:ingots/titanium": "null",
  "forge:rubber": "null",
  "forge:ingots/platinum": "null",
  "forge:dusts/sulfur": "mekanism:dust_sulfur",
  "forge:ingots/lead": "mekanism:ingot_lead",
  "forge:ingots/graphite": "null",
  "forge:ingots/uranium": "mekanism:ingot_uranium",
  "forge:ingots/nickel": "thermal:nickel_ingot",
  "forge:dusts/niter": "thermal:niter_dust",
  "forge:gems/apatite": "thermal:apatite"
}